﻿<?xml version="1.0" encoding="UTF-8"?>
<Items>
  <Item>
    <baseLevel>11</baseLevel>
    <colorSetIndices>
      <_x0030_>33</_x0030_>
      <_x0031_>22</_x0031_>
      <_x0033_>32</_x0033_>
      <_x0034_>30</_x0034_>
      <_x0035_>30</_x0035_>
    </colorSetIndices>
    <id>268644814637433278</id>
    <lastEnterStasisTime>362004.28252775967</lastEnterStasisTime>
    <location>
      <x>240574.1</x>
      <y>44535.395</y>
      <z>-14200.607</z>
      <lat>0.0</lat>
      <lon>0.0</lon>
    </location>
    <requiredTameAffinity>10000</requiredTameAffinity>
    <tamingEffectivness>1</tamingEffectivness>
    <type>Test-0-0</type>
    <wildLevels>
      <health>7</health>
      <stamina>9</stamina>
      <oxygen>5</oxygen>
      <food>6</food>
      <weight>4</weight>
      <melee>2</melee>
      <speed>6</speed>
    </wildLevels>
    <Class>Achatina_Character_BP_C</Class>
    <Lat>0.0</Lat>
    <Lon>0.0</Lon>
    <Distance>0.0</Distance>
    <Angle>90.0</Angle>
    <Direction>N</Direction>
  </Item>

  <Item>
    <baseLevel>22</baseLevel>
    <colorSetIndices>
      <_x0030_>33</_x0030_>
      <_x0031_>22</_x0031_>
      <_x0033_>32</_x0033_>
      <_x0034_>30</_x0034_>
      <_x0035_>30</_x0035_>
    </colorSetIndices>
    <id>268644814637433278</id>
    <lastEnterStasisTime>362004.28252775967</lastEnterStasisTime>
    <location>
      <x>240574.1</x>
      <y>44535.395</y>
      <z>-14200.607</z>
      <lat>90.0</lat>
      <lon>0.0</lon>
    </location>
    <requiredTameAffinity>10000</requiredTameAffinity>
    <tamingEffectivness>1</tamingEffectivness>
    <type>Test-90-0</type>
    <wildLevels>
      <health>7</health>
      <stamina>9</stamina>
      <oxygen>5</oxygen>
      <food>6</food>
      <weight>4</weight>
      <melee>2</melee>
      <speed>6</speed>
    </wildLevels>
    <female>true</female>
    <Class>Achatina_Character_BP_C</Class>
    <Lat>90.0</Lat>
    <Lon>0.0</Lon>
    <Distance>0.0</Distance>
    <Angle>90.0</Angle>
    <Direction>N</Direction>
  </Item>


  <Item>
    <baseLevel>33</baseLevel>
    <colorSetIndices>
      <_x0030_>33</_x0030_>
      <_x0031_>22</_x0031_>
      <_x0033_>32</_x0033_>
      <_x0034_>30</_x0034_>
      <_x0035_>30</_x0035_>
    </colorSetIndices>
    <id>268644814637433278</id>
    <lastEnterStasisTime>362004.28252775967</lastEnterStasisTime>
    <location>
      <x>240574.1</x>
      <y>44535.395</y>
      <z>-14200.607</z>
      <lat>0.0</lat>
      <lon>90.0</lon>
    </location>
    <requiredTameAffinity>10000</requiredTameAffinity>
    <tamingEffectivness>1</tamingEffectivness>
    <type>Test-0-90</type>
    <wildLevels>
      <health>7</health>
      <stamina>9</stamina>
      <oxygen>5</oxygen>
      <food>6</food>
      <weight>4</weight>
      <melee>2</melee>
      <speed>6</speed>
    </wildLevels>
    <female>true</female>
    <Class>Achatina_Character_BP_C</Class>
    <Lat>0.0</Lat>
    <Lon>90.0</Lon>
    <Distance>0.0</Distance>
    <Angle>90.0</Angle>
    <Direction>N</Direction>
  </Item>

  <Item>
    <baseLevel>44</baseLevel>
    <colorSetIndices>
      <_x0030_>33</_x0030_>
      <_x0031_>22</_x0031_>
      <_x0033_>32</_x0033_>
      <_x0034_>30</_x0034_>
      <_x0035_>30</_x0035_>
    </colorSetIndices>
    <id>268644814637433278</id>
    <lastEnterStasisTime>362004.28252775967</lastEnterStasisTime>
    <location>
      <x>240574.1</x>
      <y>44535.395</y>
      <z>-14200.607</z>
      <lat>20.0</lat>
      <lon>30.0</lon>
    </location>
    <requiredTameAffinity>10000</requiredTameAffinity>
    <tamingEffectivness>1</tamingEffectivness>
    <type>Test-20-30</type>
    <wildLevels>
      <health>7</health>
      <stamina>9</stamina>
      <oxygen>5</oxygen>
      <food>6</food>
      <weight>4</weight>
      <melee>2</melee>
      <speed>6</speed>
    </wildLevels>
    <female>true</female>
    <Class>Achatina_Character_BP_C</Class>
    <Lat>20.0</Lat>
    <Lon>30.0</Lon>
    <Distance>0.0</Distance>
    <Angle>90.0</Angle>
    <Direction>N</Direction>
  </Item>

  <Item>
    <baseLevel>55</baseLevel>
    <colorSetIndices>
      <_x0030_>33</_x0030_>
      <_x0031_>22</_x0031_>
      <_x0033_>32</_x0033_>
      <_x0034_>30</_x0034_>
      <_x0035_>30</_x0035_>
    </colorSetIndices>
    <id>268644814637433278</id>
    <lastEnterStasisTime>362004.28252775967</lastEnterStasisTime>
    <location>
      <x>240574.1</x>
      <y>44535.395</y>
      <z>-14200.607</z>
      <lat>10.0</lat>
      <lon>10.0</lon>
    </location>
    <requiredTameAffinity>10000</requiredTameAffinity>
    <tamingEffectivness>1</tamingEffectivness>
    <type>Test-10-10</type>
    <wildLevels>
      <health>7</health>
      <stamina>9</stamina>
      <oxygen>5</oxygen>
      <food>6</food>
      <weight>4</weight>
      <melee>2</melee>
      <speed>6</speed>
    </wildLevels>
    <Class>Achatina_Character_BP_C</Class>
    <Lat>10.0</Lat>
    <Lon>10.0</Lon>
    <Distance>0.0</Distance>
    <Angle>90.0</Angle>
    <Direction>N</Direction>
  </Item>

  <Item>
    <baseLevel>66</baseLevel>
    <colorSetIndices>
      <_x0030_>33</_x0030_>
      <_x0031_>22</_x0031_>
      <_x0033_>32</_x0033_>
      <_x0034_>30</_x0034_>
      <_x0035_>30</_x0035_>
    </colorSetIndices>
    <id>268644814637433278</id>
    <lastEnterStasisTime>362004.28252775967</lastEnterStasisTime>
    <location>
      <x>240574.1</x>
      <y>44535.395</y>
      <z>-14200.607</z>
      <lat>40.0</lat>
      <lon>50.0</lon>
    </location>
    <requiredTameAffinity>10000</requiredTameAffinity>
    <tamingEffectivness>1</tamingEffectivness>
    <type>Test-40-50</type>
    <wildLevels>
      <health>7</health>
      <stamina>9</stamina>
      <oxygen>5</oxygen>
      <food>6</food>
      <weight>4</weight>
      <melee>2</melee>
      <speed>6</speed>
    </wildLevels>
    <Class>Achatina_Character_BP_C</Class>
    <Lat>40.0</Lat>
    <Lon>50.0</Lon>
    <Distance>0.0</Distance>
    <Angle>90.0</Angle>
    <Direction>N</Direction>
  </Item>


  <Item>
    <baseLevel>99</baseLevel>
    <colorSetIndices>
      <_x0030_>33</_x0030_>
      <_x0031_>22</_x0031_>
      <_x0033_>32</_x0033_>
      <_x0034_>30</_x0034_>
      <_x0035_>30</_x0035_>
    </colorSetIndices>
    <id>268644814637433278</id>
    <lastEnterStasisTime>362004.28252775967</lastEnterStasisTime>
    <location>
      <x>240574.1</x>
      <y>44535.395</y>
      <z>-14200.607</z>
      <lat>90.0</lat>
      <lon>90.0</lon>
    </location>
    <requiredTameAffinity>10000</requiredTameAffinity>
    <tamingEffectivness>1</tamingEffectivness>
    <type>Test-90-90</type>
    <wildLevels>
      <health>7</health>
      <stamina>9</stamina>
      <oxygen>5</oxygen>
      <food>6</food>
      <weight>4</weight>
      <melee>2</melee>
      <speed>6</speed>
    </wildLevels>
    <Class>Achatina_Character_BP_C</Class>
    <Lat>90.0</Lat>
    <Lon>90.0</Lon>
    <Distance>0.0</Distance>
    <Angle>90.0</Angle>
    <Direction>N</Direction>
  </Item>


</Items>